NAICS_SECTOR,INSTRUMENT_ID,ANSWER_ID,ESTIMATE_PERCENTAGE,SE
-,2,1,  30.7%,  0.28%
-,2,2,  44.4%,  0.34%
-,2,3,  18.2%,  0.34%
-,2,4,   5.1%,  0.17%
-,2,5,   1.6%,  0.14%
-,3,1,   6.6%,  0.17%
-,3,2,   2.7%,  0.12%
-,3,3,   3.9%,  0.21%
-,3,4,  10.7%,  0.19%
-,3,5,  20.2%,  0.25%
-,3,6,  18.9%,  0.19%
-,3,7,   9.6%,  0.19%
-,3,8,  10.8%,  0.19%
-,3,9,   9.7%,  0.18%
-,3,10,   6.9%,  0.13%
-,4,1,   5.7%,  0.15%
-,4,2,  38.5%,  0.35%
-,4,3,  55.7%,  0.39%
-,5,1,   0.4%,  0.05%
-,5,2,   3.7%,  0.15%
-,5,3,   1.4%,  0.09%
-,5,4,  94.5%,  0.21%
-,6,1,   4.1%,  0.10%
-,6,2,  12.6%,  0.27%
-,6,3,  83.3%,  0.28%
-,7,1,   2.4%,  0.07%
-,7,2,  43.5%,  0.34%
-,7,3,  54.1%,  0.38%
-,8,1,   4.3%,  0.14%
-,8,2,  21.3%,  0.40%
-,8,3,  74.3%,  0.46%
-,9,1,   4.8%,  0.11%
-,9,2,   3.3%,  0.16%
-,9,3,  39.4%,  0.44%
-,9,4,  52.5%,  0.40%
-,10,1,  27.4%,  0.24%
-,10,2,   9.2%,  0.20%
-,10,3,  11.5%,  0.19%
-,10,4,   3.5%,  0.09%
-,10,5,   8.8%,  0.16%
-,10,6,  17.5%,  0.33%
-,10,7,  64.5%,  0.33%
-,11,1,   6.0%,  0.13%
-,11,2,  13.7%,  0.19%
-,11,3,   3.2%,  0.12%
-,11,4,  10.6%,  0.22%
-,11,5,  18.7%,  0.29%
-,11,6,   5.3%,  0.19%
-,11,7,  11.7%,  0.27%
-,11,8,  62.2%,  0.36%
-,12,1,   1.4%,  0.07%
-,12,2,   5.8%,  0.13%
-,12,3,  40.8%,  0.32%
-,12,4,  34.0%,  0.27%
-,12,5,  18.1%,  0.31%
-,13,1,   5.8%,  0.11%
-,13,2,   9.2%,  0.12%
-,13,3,  15.6%,  0.28%
-,13,4,  25.9%,  0.20%
-,13,5,  24.4%,  0.32%
-,13,6,   4.6%,  0.14%
-,13,7,  14.5%,  0.23%
-,14,1,   3.3%,  0.12%
-,14,2,  96.7%,  0.12%
-,15,1,  10.0%,  0.18%
-,15,2,  90.0%,  0.18%
-,16,1,  73.8%,  0.33%
-,16,2,  25.9%,  0.17%
-,16,3,  16.3%,  0.28%
-,16,4,   1.0%,  0.06%
-,16,5,   1.3%,  0.08%
-,16,6,   4.4%,  0.12%
-,16,7,   0.7%,  0.05%
-,16,8,   1.8%,  0.11%
-,16,9,   8.2%,  0.17%
-,16,10,   6.6%,  0.25%
-,16,11,  11.8%,  0.25%
-,16,12,   4.6%,  0.14%
-,16,13,   3.5%,  0.13%
-,16,14,  19.0%,  0.28%
-,17,1,  72.7%,  0.32%
-,17,2,  23.2%,  0.18%
-,17,3,  10.3%,  0.24%
-,17,4,   0.4%,  0.03%
-,17,5,   1.2%,  0.05%
-,17,6,   4.0%,  0.10%
-,17,7,   0.5%,  0.03%
-,17,8,   2.4%,  0.08%
-,17,9,  22.5%,  0.26%
-,18,1,  24.5%,  0.36%
-,18,2,  29.6%,  0.31%
-,18,3,  45.9%,  0.35%
-,19,1,  27.9%,  0.43%
-,19,2,  12.3%,  0.25%
-,19,3,  13.0%,  0.17%
-,19,4,  31.9%,  0.29%
-,19,5,  14.2%,  0.31%
-,19,6,  22.1%,  0.21%
-,19,7,   5.5%,  0.17%
-,19,8,  35.7%,  0.42%
-,20,1,   0.5%,  0.05%
-,20,2,   3.3%,  0.20%
-,20,3,  16.0%,  0.23%
-,20,4,  45.9%,  0.49%
-,20,5,   7.3%,  0.20%
-,20,6,   1.8%,  0.07%
-,20,7,  16.8%,  0.42%
-,20,8,   8.4%,  0.22%
21 ,2,1,  43.3%,  6.08%
21 ,2,2,  34.9%,  5.43%
21 ,2,3,  19.3%,  3.54%
21 ,2,4,   1.8%,  0.97%
21 ,3,1,  12.9%,  2.96%
21 ,3,2,   3.7%,  1.19%
21 ,3,3,   2.2%,  1.14%
21 ,3,4,   9.7%,  2.41%
21 ,3,5,  19.2%,  3.32%
21 ,3,6,  20.0%,  4.09%
21 ,3,7,   6.3%,  1.91%
21 ,3,8,  11.6%,  2.56%
21 ,3,9,   9.1%,  2.41%
21 ,3,10,   5.5%,  3.16%
21 ,4,1,   3.4%,  2.11%
21 ,4,2,  26.1%,  4.68%
21 ,4,3,  70.5%,  4.17%
21 ,5,3,   3.4%,  1.52%
21 ,5,4,  95.1%,  2.33%
21 ,6,1,   3.7%,  1.54%
21 ,6,2,   6.5%,  1.92%
21 ,6,3,  89.7%,  2.70%
21 ,7,1,   2.4%,  1.15%
21 ,7,2,  38.7%,  2.53%
21 ,7,3,  58.9%,  2.78%
21 ,8,1,   2.5%,  1.28%
21 ,8,2,  12.2%,  3.79%
21 ,8,3,  85.3%,  3.24%
21 ,9,1,   2.7%,  2.16%
21 ,9,2,   2.3%,  1.62%
21 ,9,3,  35.7%,  4.05%
21 ,9,4,  59.3%,  4.10%
21 ,10,1,   8.0%,  3.17%
21 ,10,3,   3.8%,  1.80%
21 ,10,5,   5.0%,  2.44%
21 ,10,6,   3.8%,  1.89%
21 ,10,7,  85.7%,  4.96%
21 ,11,1,   3.5%,  1.59%
21 ,11,2,   8.5%,  1.79%
21 ,11,4,   3.0%,  1.61%
21 ,11,5,   2.4%,  0.93%
21 ,11,7,   6.6%,  2.18%
21 ,11,8,  82.5%,  2.69%
21 ,12,3,  44.1%,  5.53%
21 ,12,4,  31.0%,  3.57%
21 ,12,5,  23.3%,  2.73%
21 ,13,1,   6.1%,  2.61%
21 ,13,2,   5.9%,  2.65%
21 ,13,3,  13.6%,  3.87%
21 ,13,4,  17.2%,  3.25%
21 ,13,5,  33.5%,  4.77%
21 ,13,6,   6.8%,  2.28%
21 ,13,7,  17.0%,  2.96%
21 ,14,1,   5.6%,  2.06%
21 ,14,2,  94.4%,  2.06%
21 ,15,1,  11.4%,  2.12%
21 ,15,2,  88.6%,  2.12%
21 ,16,1,  72.7%,  4.56%
21 ,16,2,  10.8%,  3.42%
21 ,16,3,   8.8%,  3.96%
21 ,16,4,   3.0%,  1.16%
21 ,16,5,   3.6%,  1.75%
21 ,16,6,   3.4%,  1.59%
21 ,16,9,   2.7%,  1.31%
21 ,16,10,   7.1%,  2.06%
21 ,16,11,   9.8%,  1.76%
21 ,16,12,   4.5%,  1.92%
21 ,16,13,   4.7%,  2.75%
21 ,16,14,  22.7%,  3.63%
21 ,17,1,  72.7%,  4.48%
21 ,17,2,   8.3%,  3.07%
21 ,17,3,   2.5%,  1.30%
21 ,17,5,   2.0%,  1.09%
21 ,17,6,   3.3%,  1.55%
21 ,17,9,  25.7%,  4.06%
21 ,18,1,   2.1%,  1.63%
21 ,18,2,  27.8%,  3.85%
21 ,18,3,  70.1%,  3.43%
21 ,19,1,  27.1%,  3.31%
21 ,19,2,   5.1%,  0.99%
21 ,19,4,  18.0%,  3.83%
21 ,19,5,   5.1%,  1.66%
21 ,19,6,   8.4%,  2.22%
21 ,19,7,  11.1%,  3.40%
21 ,19,8,  49.5%,  4.94%
21 ,20,2,   2.1%,  1.05%
21 ,20,3,  10.1%,  1.58%
21 ,20,4,  50.7%,  3.78%
21 ,20,5,   8.6%,  1.89%
21 ,20,6,   5.4%,  2.17%
21 ,20,7,  16.4%,  1.74%
21 ,20,8,   6.6%,  2.99%
22 ,2,1,   6.3%,  2.96%
22 ,2,2,  40.7%,  5.55%
22 ,2,3,  51.5%,  6.08%
22 ,3,4,  12.8%,  3.79%
22 ,3,5,  21.2%,  5.92%
22 ,3,6,  22.0%,  8.64%
22 ,3,7,   8.3%,  3.01%
22 ,3,8,   4.3%,  2.30%
22 ,3,9,  21.5%,  3.99%
22 ,3,10,   5.9%,  1.99%
22 ,4,2,  12.7%,  4.70%
22 ,4,3,  87.3%,  4.70%
22 ,5,4,  99.2%,  0.75%
22 ,6,3,  97.5%,  1.66%
22 ,7,2,  17.9%,  4.40%
22 ,7,3,  82.1%,  4.40%
22 ,8,2,   4.1%,  1.98%
22 ,8,3,  94.1%,  2.47%
22 ,9,1,   9.9%,  3.65%
22 ,9,3,  48.5%,  5.60%
22 ,9,4,  41.6%,  6.78%
22 ,10,1,  23.4%,  8.78%
22 ,10,3,   4.9%,  2.44%
22 ,10,6,   8.0%,  3.50%
22 ,10,7,  73.8%,  8.31%
22 ,11,2,   9.3%,  3.61%
22 ,11,3,   3.2%,  1.20%
22 ,11,4,  12.5%,  4.13%
22 ,11,5,  11.3%,  4.45%
22 ,11,7,   7.5%,  2.37%
22 ,11,8,  76.9%,  6.42%
22 ,12,3,  84.8%,  2.93%
22 ,12,4,  15.2%,  2.93%
22 ,13,2,   6.3%,  2.87%
22 ,13,3,   9.8%,  2.94%
22 ,13,4,  17.8%,  5.08%
22 ,13,5,  48.8%,  6.92%
22 ,13,7,  16.0%,  2.76%
22 ,14,2, 100.0%,  0.00%
22 ,15,2, 100.0%,  0.00%
22 ,16,1,  40.9%,  6.27%
22 ,16,3,   7.3%,  2.84%
22 ,16,6,   9.2%,  2.49%
22 ,16,14,  50.3%,  5.69%
22 ,17,1,  37.9%,  6.48%
22 ,17,3,   5.5%,  2.97%
22 ,17,6,   6.9%,  2.47%
22 ,17,9,  57.3%,  6.57%
22 ,18,1,  14.1%,  3.95%
22 ,18,2,  32.3%,  5.65%
22 ,18,3,  53.6%,  6.26%
22 ,19,1,   7.1%,  3.10%
22 ,19,2,   8.7%,  3.58%
22 ,19,4,   8.4%,  3.43%
22 ,19,5,  11.4%,  8.50%
22 ,19,6,  13.7%,  3.38%
22 ,19,8,  71.5%,  8.00%
22 ,20,3,   8.3%,  2.73%
22 ,20,4,  16.8%,  3.01%
22 ,20,7,  62.5%,  6.71%
22 ,20,8,  10.9%,  8.72%
23 ,2,1,  15.6%,  1.10%
23 ,2,2,  49.4%,  1.61%
23 ,2,3,  29.2%,  2.22%
23 ,2,4,   4.5%,  0.33%
23 ,2,5,   1.3%,  0.28%
23 ,3,1,   5.5%,  0.54%
23 ,3,2,   2.4%,  0.26%
23 ,3,3,   4.5%,  0.74%
23 ,3,4,  10.9%,  0.75%
23 ,3,5,  16.2%,  1.06%
23 ,3,6,  12.1%,  0.97%
23 ,3,7,   8.2%,  0.75%
23 ,3,8,  12.4%,  0.68%
23 ,3,9,  19.5%,  0.81%
23 ,3,10,   8.4%,  1.08%
23 ,4,1,   4.3%,  0.36%
23 ,4,2,  28.8%,  1.20%
23 ,4,3,  66.9%,  1.30%
23 ,5,1,   0.1%,  0.08%
23 ,5,2,   2.0%,  0.26%
23 ,5,3,   0.7%,  0.19%
23 ,5,4,  97.1%,  0.27%
23 ,6,1,   5.8%,  0.66%
23 ,6,2,  14.3%,  0.64%
23 ,6,3,  79.9%,  0.74%
23 ,7,1,   2.1%,  0.29%
23 ,7,2,  41.1%,  0.91%
23 ,7,3,  56.8%,  1.06%
23 ,8,1,   4.9%,  0.61%
23 ,8,2,  22.5%,  1.43%
23 ,8,3,  72.6%,  1.55%
23 ,9,1,   4.5%,  0.45%
23 ,9,2,   2.5%,  0.38%
23 ,9,3,  31.8%,  1.43%
23 ,9,4,  61.3%,  1.55%
23 ,10,1,  38.8%,  1.82%
23 ,10,2,  10.7%,  0.61%
23 ,10,3,  16.1%,  1.13%
23 ,10,4,   4.1%,  0.36%
23 ,10,5,  16.3%,  0.72%
23 ,10,6,  24.1%,  1.46%
23 ,10,7,  52.9%,  1.92%
23 ,11,1,   5.6%,  0.62%
23 ,11,2,  14.1%,  0.69%
23 ,11,3,   2.4%,  0.32%
23 ,11,4,  10.5%,  0.76%
23 ,11,5,   9.4%,  1.02%
23 ,11,6,   3.7%,  0.54%
23 ,11,7,  18.6%,  1.51%
23 ,11,8,  63.5%,  1.85%
23 ,12,1,   1.6%,  0.29%
23 ,12,2,   6.7%,  0.57%
23 ,12,3,  49.6%,  2.25%
23 ,12,4,  31.0%,  2.15%
23 ,12,5,  11.0%,  0.77%
23 ,13,1,   6.2%,  0.53%
23 ,13,2,  11.4%,  0.71%
23 ,13,3,  17.8%,  1.10%
23 ,13,4,  22.4%,  1.00%
23 ,13,5,  21.5%,  0.79%
23 ,13,6,   4.8%,  0.48%
23 ,13,7,  15.9%,  1.03%
23 ,14,1,   2.4%,  0.35%
23 ,14,2,  97.6%,  0.35%
23 ,15,1,   6.1%,  0.38%
23 ,15,2,  93.9%,  0.38%
23 ,16,1,  69.9%,  1.02%
23 ,16,2,  17.2%,  1.46%
23 ,16,3,  13.0%,  0.63%
23 ,16,4,   0.4%,  0.28%
23 ,16,5,   1.0%,  0.27%
23 ,16,6,   4.6%,  0.43%
23 ,16,7,   0.3%,  0.20%
23 ,16,8,   0.5%,  0.25%
23 ,16,9,   3.4%,  0.48%
23 ,16,10,   7.4%,  0.57%
23 ,16,11,   8.4%,  0.58%
23 ,16,12,   2.9%,  0.62%
23 ,16,13,   2.2%,  0.40%
23 ,16,14,  22.2%,  1.26%
23 ,17,1,  69.2%,  1.13%
23 ,17,2,  15.3%,  1.13%
23 ,17,3,   7.5%,  0.57%
23 ,17,4,   0.2%,  0.08%
23 ,17,5,   1.1%,  0.25%
23 ,17,6,   4.2%,  0.43%
23 ,17,7,   0.2%,  0.15%
23 ,17,8,   1.1%,  0.28%
23 ,17,9,  26.7%,  1.12%
23 ,18,1,   8.1%,  0.65%
23 ,18,2,  27.8%,  0.90%
23 ,18,3,  64.1%,  0.99%
23 ,19,1,  20.8%,  1.45%
23 ,19,2,  16.0%,  1.15%
23 ,19,3,   4.2%,  0.45%
23 ,19,4,  21.9%,  1.30%
23 ,19,5,  13.2%,  1.29%
23 ,19,6,  23.5%,  1.08%
23 ,19,7,   3.8%,  0.56%
23 ,19,8,  43.6%,  2.03%
23 ,20,1,   0.6%,  0.17%
23 ,20,2,   4.5%,  0.80%
23 ,20,3,  16.2%,  0.88%
23 ,20,4,  34.1%,  1.85%
23 ,20,5,   4.6%,  0.61%
23 ,20,6,   1.0%,  0.25%
23 ,20,7,  27.3%,  2.40%
23 ,20,8,  11.7%,  0.87%
31 ,2,1,  28.1%,  1.12%
31 ,2,2,  47.8%,  1.43%
31 ,2,3,  17.4%,  0.91%
31 ,2,4,   5.1%,  0.43%
31 ,2,5,   1.7%,  0.29%
31 ,3,1,   3.2%,  0.43%
31 ,3,2,   0.8%,  0.42%
31 ,3,3,   1.1%,  0.36%
31 ,3,4,   5.6%,  0.48%
31 ,3,5,  15.2%,  0.89%
31 ,3,6,  19.7%,  1.12%
31 ,3,7,  10.7%,  0.53%
31 ,3,8,  16.3%,  0.93%
31 ,3,9,  22.3%,  1.00%
31 ,3,10,   5.1%,  0.38%
31 ,4,1,   7.8%,  0.91%
31 ,4,2,  35.2%,  0.91%
31 ,4,3,  57.1%,  1.21%
31 ,5,1,   0.2%,  0.16%
31 ,5,2,   2.4%,  0.38%
31 ,5,3,   1.3%,  0.24%
31 ,5,4,  96.1%,  0.41%
31 ,6,1,   6.7%,  0.67%
31 ,6,2,  12.1%,  0.82%
31 ,6,3,  81.2%,  1.17%
31 ,7,1,   2.6%,  0.29%
31 ,7,2,  44.2%,  1.40%
31 ,7,3,  53.2%,  1.54%
31 ,8,1,   9.1%,  0.52%
31 ,8,2,  18.8%,  0.91%
31 ,8,3,  72.1%,  1.01%
31 ,9,1,   3.9%,  0.44%
31 ,9,2,   1.6%,  0.20%
31 ,9,3,  34.5%,  1.02%
31 ,9,4,  59.9%,  0.92%
31 ,10,1,  40.6%,  1.00%
31 ,10,2,  14.5%,  0.69%
31 ,10,3,  16.1%,  1.01%
31 ,10,4,   4.6%,  0.65%
31 ,10,5,  24.4%,  0.98%
31 ,10,6,  31.4%,  0.86%
31 ,10,7,  45.9%,  0.86%
31 ,11,1,   7.7%,  0.60%
31 ,11,2,  18.7%,  0.94%
31 ,11,3,   2.3%,  0.30%
31 ,11,4,   9.6%,  0.56%
31 ,11,5,   9.1%,  0.43%
31 ,11,6,   3.7%,  0.44%
31 ,11,7,  17.7%,  0.79%
31 ,11,8,  60.4%,  0.70%
31 ,12,1,   1.9%,  0.18%
31 ,12,2,   8.7%,  0.63%
31 ,12,3,  45.9%,  0.71%
31 ,12,4,  30.7%,  1.13%
31 ,12,5,  12.7%,  0.97%
31 ,13,1,   6.1%,  0.53%
31 ,13,2,   9.3%,  0.65%
31 ,13,3,  16.7%,  0.86%
31 ,13,4,  26.5%,  0.51%
31 ,13,5,  24.5%,  1.16%
31 ,13,6,   3.5%,  0.36%
31 ,13,7,  13.5%,  0.67%
31 ,14,1,   2.8%,  0.28%
31 ,14,2,  97.2%,  0.28%
31 ,15,1,   8.3%,  0.69%
31 ,15,2,  91.7%,  0.69%
31 ,16,1,  80.5%,  0.71%
31 ,16,2,  19.0%,  0.68%
31 ,16,3,  15.4%,  0.62%
31 ,16,4,   0.9%,  0.37%
31 ,16,5,   1.9%,  0.29%
31 ,16,6,   9.1%,  0.59%
31 ,16,7,   0.5%,  0.13%
31 ,16,8,   0.8%,  0.33%
31 ,16,9,   6.6%,  0.32%
31 ,16,10,   6.6%,  0.38%
31 ,16,11,   9.2%,  0.37%
31 ,16,12,   2.7%,  0.64%
31 ,16,13,   2.5%,  0.38%
31 ,16,14,  13.8%,  0.69%
31 ,17,1,  80.0%,  0.75%
31 ,17,2,  16.7%,  0.77%
31 ,17,3,  10.4%,  0.79%
31 ,17,4,   0.5%,  0.35%
31 ,17,5,   1.8%,  0.31%
31 ,17,6,   8.4%,  0.56%
31 ,17,7,   0.4%,  0.10%
31 ,17,8,   1.0%,  0.33%
31 ,17,9,  16.1%,  0.49%
31 ,18,1,  17.0%,  0.56%
31 ,18,2,  39.9%,  0.97%
31 ,18,3,  43.2%,  0.89%
31 ,19,1,  25.7%,  1.10%
31 ,19,2,  21.3%,  1.14%
31 ,19,3,  15.0%,  0.66%
31 ,19,4,  39.7%,  1.31%
31 ,19,5,   9.8%,  0.82%
31 ,19,6,  29.2%,  1.09%
31 ,19,7,   5.0%,  0.32%
31 ,19,8,  29.1%,  0.81%
31 ,20,1,   0.8%,  0.18%
31 ,20,2,   4.5%,  0.50%
31 ,20,3,  16.2%,  0.95%
31 ,20,4,  43.9%,  1.41%
31 ,20,5,   6.3%,  0.42%
31 ,20,6,   1.7%,  0.31%
31 ,20,7,  16.6%,  0.56%
31 ,20,8,  10.0%,  0.67%
42 ,2,1,  30.5%,  0.88%
42 ,2,2,  47.2%,  1.14%
42 ,2,3,  15.4%,  0.55%
42 ,2,4,   5.2%,  0.37%
42 ,2,5,   1.6%,  0.23%
42 ,3,1,   5.4%,  0.41%
42 ,3,2,   3.1%,  0.31%
42 ,3,3,   3.9%,  0.43%
42 ,3,4,   9.7%,  0.71%
42 ,3,5,  17.2%,  0.43%
42 ,3,6,  15.5%,  0.52%
42 ,3,7,  10.0%,  0.55%
42 ,3,8,  13.9%,  0.60%
42 ,3,9,  15.3%,  0.47%
42 ,3,10,   6.1%,  0.44%
42 ,4,1,   7.3%,  0.61%
42 ,4,2,  39.4%,  0.89%
42 ,4,3,  53.4%,  0.94%
42 ,5,1,   0.5%,  0.10%
42 ,5,2,   2.1%,  0.35%
42 ,5,3,   1.2%,  0.45%
42 ,5,4,  96.2%,  0.65%
42 ,6,1,   2.6%,  0.23%
42 ,6,2,   6.0%,  0.53%
42 ,6,3,  91.4%,  0.59%
42 ,7,1,   1.9%,  0.24%
42 ,7,2,  36.7%,  0.66%
42 ,7,3,  61.4%,  0.76%
42 ,8,1,   3.6%,  0.41%
42 ,8,2,  13.6%,  0.76%
42 ,8,3,  82.9%,  1.15%
42 ,9,1,   4.8%,  0.29%
42 ,9,2,   2.8%,  0.31%
42 ,9,3,  53.7%,  1.09%
42 ,9,4,  38.7%,  0.89%
42 ,10,1,  35.3%,  0.80%
42 ,10,2,  27.9%,  0.73%
42 ,10,3,  13.8%,  0.90%
42 ,10,4,   7.5%,  0.59%
42 ,10,5,  13.3%,  0.66%
42 ,10,6,  39.6%,  1.00%
42 ,10,7,  42.6%,  0.67%
42 ,11,1,   4.7%,  0.56%
42 ,11,2,   9.1%,  0.48%
42 ,11,3,   3.7%,  0.30%
42 ,11,4,   7.8%,  0.59%
42 ,11,5,  12.0%,  0.47%
42 ,11,6,   3.2%,  0.45%
42 ,11,7,  15.3%,  0.77%
42 ,11,8,  66.5%,  1.23%
42 ,12,1,   1.1%,  0.18%
42 ,12,2,   5.2%,  0.36%
42 ,12,3,  44.0%,  0.66%
42 ,12,4,  33.7%,  1.15%
42 ,12,5,  16.0%,  0.77%
42 ,13,1,   5.8%,  0.56%
42 ,13,2,   8.1%,  0.57%
42 ,13,3,  14.5%,  0.70%
42 ,13,4,  26.5%,  0.65%
42 ,13,5,  26.1%,  0.63%
42 ,13,6,   4.2%,  0.43%
42 ,13,7,  14.8%,  0.47%
42 ,14,1,   2.0%,  0.26%
42 ,14,2,  98.0%,  0.26%
42 ,15,1,   8.0%,  0.47%
42 ,15,2,  92.0%,  0.47%
42 ,16,1,  69.6%,  0.95%
42 ,16,2,  21.2%,  0.67%
42 ,16,3,  14.2%,  0.59%
42 ,16,4,   0.7%,  0.13%
42 ,16,5,   0.8%,  0.10%
42 ,16,6,   2.6%,  0.30%
42 ,16,7,   0.4%,  0.10%
42 ,16,8,   0.6%,  0.24%
42 ,16,9,   4.4%,  0.44%
42 ,16,10,   6.4%,  0.45%
42 ,16,11,  10.9%,  0.79%
42 ,16,12,   4.2%,  0.43%
42 ,16,13,   2.5%,  0.42%
42 ,16,14,  22.8%,  0.78%
42 ,17,1,  68.4%,  1.15%
42 ,17,2,  19.7%,  0.74%
42 ,17,3,   9.3%,  0.43%
42 ,17,4,   0.3%,  0.09%
42 ,17,5,   0.7%,  0.15%
42 ,17,6,   2.5%,  0.22%
42 ,17,7,   0.3%,  0.12%
42 ,17,8,   0.6%,  0.21%
42 ,17,9,  27.2%,  1.04%
42 ,18,1,  22.3%,  1.04%
42 ,18,2,  36.0%,  1.20%
42 ,18,3,  41.7%,  0.96%
42 ,19,1,  26.8%,  0.87%
42 ,19,2,  22.1%,  0.69%
42 ,19,3,  21.3%,  0.38%
42 ,19,4,  43.1%,  1.54%
42 ,19,5,   9.7%,  0.21%
42 ,19,6,  15.1%,  0.97%
42 ,19,7,   4.6%,  0.52%
42 ,19,8,  31.3%,  0.99%
42 ,20,1,   0.5%,  0.18%
42 ,20,2,   3.0%,  0.31%
42 ,20,3,  16.5%,  0.47%
42 ,20,4,  47.9%,  0.75%
42 ,20,5,   9.1%,  0.42%
42 ,20,6,   1.3%,  0.42%
42 ,20,7,  15.0%,  0.79%
42 ,20,8,   6.6%,  0.30%
44 ,2,1,  26.0%,  0.88%
44 ,2,2,  41.9%,  1.17%
44 ,2,3,  15.2%,  0.74%
44 ,2,4,  12.8%,  0.68%
44 ,2,5,   4.1%,  0.62%
44 ,3,1,   3.7%,  0.41%
44 ,3,2,   2.0%,  0.34%
44 ,3,3,   2.6%,  0.27%
44 ,3,4,   8.1%,  0.84%
44 ,3,5,  16.8%,  0.83%
44 ,3,6,  19.1%,  1.44%
44 ,3,7,  11.5%,  0.90%
44 ,3,8,  15.1%,  0.69%
44 ,3,9,  13.4%,  0.74%
44 ,3,10,   7.7%,  0.71%
44 ,4,1,  10.9%,  0.63%
44 ,4,2,  42.7%,  1.04%
44 ,4,3,  46.4%,  0.84%
44 ,5,1,   0.5%,  0.12%
44 ,5,2,   2.1%,  0.24%
44 ,5,3,   1.2%,  0.08%
44 ,5,4,  96.3%,  0.32%
44 ,6,1,   4.0%,  0.51%
44 ,6,2,   9.2%,  0.72%
44 ,6,3,  86.8%,  0.94%
44 ,7,1,   1.6%,  0.32%
44 ,7,2,  43.3%,  0.69%
44 ,7,3,  55.0%,  0.61%
44 ,8,1,   6.8%,  0.87%
44 ,8,2,  16.4%,  1.02%
44 ,8,3,  76.8%,  1.50%
44 ,9,1,   3.0%,  0.26%
44 ,9,2,   2.0%,  0.39%
44 ,9,3,  28.1%,  0.84%
44 ,9,4,  67.0%,  1.08%
44 ,10,1,  48.9%,  0.69%
44 ,10,2,  20.6%,  1.05%
44 ,10,3,  20.2%,  0.77%
44 ,10,4,   7.4%,  0.42%
44 ,10,5,  11.0%,  0.34%
44 ,10,6,  33.1%,  1.14%
44 ,10,7,  40.2%,  0.67%
44 ,11,1,   5.4%,  0.47%
44 ,11,2,  14.2%,  0.82%
44 ,11,3,   2.0%,  0.32%
44 ,11,4,  10.3%,  0.72%
44 ,11,5,  18.8%,  0.83%
44 ,11,6,   3.9%,  0.43%
44 ,11,7,  17.3%,  0.72%
44 ,11,8,  60.0%,  1.07%
44 ,12,1,   2.0%,  0.26%
44 ,12,2,   9.6%,  0.60%
44 ,12,3,  41.6%,  0.59%
44 ,12,4,  34.2%,  0.96%
44 ,12,5,  12.5%,  0.75%
44 ,13,1,   7.8%,  0.50%
44 ,13,2,  10.7%,  0.52%
44 ,13,3,  15.7%,  1.02%
44 ,13,4,  23.1%,  0.77%
44 ,13,5,  22.0%,  1.10%
44 ,13,6,   3.7%,  0.30%
44 ,13,7,  17.1%,  0.52%
44 ,14,1,   2.7%,  0.36%
44 ,14,2,  97.3%,  0.36%
44 ,15,1,   9.5%,  0.87%
44 ,15,2,  90.5%,  0.87%
44 ,16,1,  75.6%,  0.78%
44 ,16,2,  26.1%,  1.08%
44 ,16,3,  17.7%,  1.00%
44 ,16,4,   1.1%,  0.26%
44 ,16,5,   0.9%,  0.14%
44 ,16,6,   3.4%,  0.45%
44 ,16,7,   0.4%,  0.14%
44 ,16,8,   0.9%,  0.19%
44 ,16,9,   8.7%,  0.63%
44 ,16,10,   5.4%,  0.59%
44 ,16,11,  12.7%,  0.50%
44 ,16,12,   5.0%,  0.48%
44 ,16,13,   2.9%,  0.39%
44 ,16,14,  17.3%,  0.50%
44 ,17,1,  73.8%,  0.75%
44 ,17,2,  23.9%,  0.94%
44 ,17,3,  11.1%,  0.76%
44 ,17,4,   0.4%,  0.09%
44 ,17,5,   0.8%,  0.18%
44 ,17,6,   3.6%,  0.40%
44 ,17,7,   0.1%,  0.08%
44 ,17,8,   1.4%,  0.25%
44 ,17,9,  20.7%,  0.59%
44 ,18,1,  30.4%,  0.72%
44 ,18,2,  32.2%,  0.96%
44 ,18,3,  37.4%,  0.68%
44 ,19,1,  25.7%,  0.82%
44 ,19,2,  20.5%,  0.95%
44 ,19,3,  23.5%,  0.94%
44 ,19,4,  37.8%,  0.99%
44 ,19,5,  15.0%,  0.93%
44 ,19,6,  21.9%,  0.65%
44 ,19,7,   4.4%,  0.42%
44 ,19,8,  31.9%,  0.94%
44 ,20,1,   0.5%,  0.08%
44 ,20,2,   2.9%,  0.53%
44 ,20,3,  14.8%,  0.58%
44 ,20,4,  45.2%,  1.16%
44 ,20,5,   8.4%,  0.59%
44 ,20,6,   1.8%,  0.23%
44 ,20,7,  15.7%,  1.00%
44 ,20,8,  10.7%,  0.49%
48 ,2,1,  35.4%,  1.48%
48 ,2,2,  42.2%,  1.50%
48 ,2,3,  16.9%,  0.90%
48 ,2,4,   3.8%,  0.35%
48 ,2,5,   1.7%,  0.42%
48 ,3,1,   8.4%,  1.12%
48 ,3,2,   2.8%,  0.62%
48 ,3,3,   5.5%,  0.74%
48 ,3,4,  11.9%,  1.05%
48 ,3,5,  19.0%,  0.73%
48 ,3,6,  13.3%,  0.75%
48 ,3,7,  10.3%,  1.27%
48 ,3,8,  11.7%,  1.03%
48 ,3,9,   8.9%,  0.69%
48 ,3,10,   8.3%,  1.10%
48 ,4,1,   7.0%,  0.57%
48 ,4,2,  38.6%,  1.06%
48 ,4,3,  54.4%,  1.10%
48 ,5,1,   0.6%,  0.23%
48 ,5,2,   2.9%,  0.65%
48 ,5,3,   1.2%,  0.62%
48 ,5,4,  95.2%,  0.92%
48 ,6,1,   4.0%,  0.63%
48 ,6,2,  13.6%,  0.95%
48 ,6,3,  82.3%,  1.32%
48 ,7,1,   2.3%,  0.41%
48 ,7,2,  40.4%,  1.32%
48 ,7,3,  57.3%,  1.45%
48 ,8,1,   4.3%,  0.77%
48 ,8,2,  24.2%,  1.42%
48 ,8,3,  71.5%,  1.74%
48 ,9,1,   3.9%,  0.91%
48 ,9,2,   3.8%,  0.83%
48 ,9,3,  32.5%,  1.23%
48 ,9,4,  59.8%,  1.36%
48 ,10,1,  16.0%,  0.70%
48 ,10,2,   7.4%,  0.79%
48 ,10,3,   5.9%,  0.67%
48 ,10,4,   2.2%,  0.42%
48 ,10,5,   4.7%,  0.63%
48 ,10,6,  18.5%,  1.42%
48 ,10,7,  71.9%,  1.11%
48 ,11,1,   7.9%,  0.98%
48 ,11,2,  13.2%,  1.34%
48 ,11,3,   2.2%,  0.49%
48 ,11,4,   6.4%,  0.48%
48 ,11,5,  10.4%,  1.18%
48 ,11,6,   3.0%,  0.74%
48 ,11,7,   5.3%,  0.55%
48 ,11,8,  70.6%,  1.50%
48 ,12,1,   1.1%,  0.21%
48 ,12,2,   6.5%,  0.60%
48 ,12,3,  37.0%,  1.71%
48 ,12,4,  31.4%,  1.12%
48 ,12,5,  23.9%,  0.95%
48 ,13,1,   8.3%,  0.94%
48 ,13,2,  10.8%,  0.98%
48 ,13,3,  15.5%,  1.43%
48 ,13,4,  20.5%,  0.80%
48 ,13,5,  22.4%,  1.31%
48 ,13,6,   8.3%,  1.00%
48 ,13,7,  14.2%,  1.21%
48 ,14,1,   5.6%,  1.16%
48 ,14,2,  94.4%,  1.16%
48 ,15,1,  11.3%,  0.97%
48 ,15,2,  88.7%,  0.97%
48 ,16,1,  69.7%,  1.11%
48 ,16,2,  22.7%,  1.25%
48 ,16,3,  17.4%,  1.28%
48 ,16,4,   1.1%,  0.36%
48 ,16,5,   0.8%,  0.18%
48 ,16,6,   2.7%,  0.49%
48 ,16,7,   0.4%,  0.19%
48 ,16,8,   1.3%,  0.43%
48 ,16,9,   5.0%,  0.63%
48 ,16,10,   8.0%,  0.76%
48 ,16,11,  10.9%,  1.45%
48 ,16,12,   5.2%,  1.03%
48 ,16,13,   3.2%,  0.46%
48 ,16,14,  19.6%,  1.01%
48 ,17,1,  67.5%,  1.23%
48 ,17,2,  20.0%,  1.09%
48 ,17,3,  11.5%,  1.12%
48 ,17,4,   0.2%,  0.12%
48 ,17,5,   0.8%,  0.24%
48 ,17,6,   2.6%,  0.40%
48 ,17,7,   0.4%,  0.25%
48 ,17,8,   1.5%,  0.47%
48 ,17,9,  24.4%,  0.91%
48 ,18,1,  10.1%,  0.99%
48 ,18,2,  29.1%,  2.01%
48 ,18,3,  60.8%,  1.75%
48 ,19,1,  28.4%,  1.88%
48 ,19,2,   8.8%,  0.76%
48 ,19,3,   7.5%,  1.01%
48 ,19,4,  22.7%,  1.56%
48 ,19,5,   9.9%,  1.09%
48 ,19,6,  20.2%,  1.37%
48 ,19,7,   6.9%,  1.62%
48 ,19,8,  40.9%,  2.09%
48 ,20,1,   0.4%,  0.16%
48 ,20,2,   3.4%,  0.56%
48 ,20,3,  14.7%,  0.82%
48 ,20,4,  43.1%,  1.53%
48 ,20,5,  11.1%,  0.90%
48 ,20,6,   2.4%,  0.79%
48 ,20,7,  16.3%,  0.81%
48 ,20,8,   8.5%,  0.52%
51 ,2,1,  31.8%,  1.97%
51 ,2,2,  43.3%,  1.40%
51 ,2,3,  17.2%,  1.66%
51 ,2,4,   6.8%,  0.80%
51 ,2,5,   0.9%,  0.30%
51 ,3,1,  10.2%,  0.90%
51 ,3,2,   4.3%,  0.99%
51 ,3,3,   6.8%,  1.32%
51 ,3,4,  13.7%,  2.14%
51 ,3,5,  18.1%,  1.68%
51 ,3,6,  12.5%,  1.60%
51 ,3,7,   6.1%,  1.07%
51 ,3,8,  10.3%,  0.64%
51 ,3,9,  11.5%,  1.68%
51 ,3,10,   6.5%,  1.45%
51 ,4,1,   6.1%,  0.79%
51 ,4,2,  30.0%,  1.99%
51 ,4,3,  63.9%,  2.32%
51 ,5,2,   3.2%,  0.97%
51 ,5,3,   1.1%,  0.44%
51 ,5,4,  95.5%,  0.89%
51 ,6,1,   4.8%,  1.35%
51 ,6,2,   6.5%,  0.86%
51 ,6,3,  88.7%,  0.83%
51 ,7,1,   1.1%,  0.63%
51 ,7,2,  33.6%,  1.97%
51 ,7,3,  65.2%,  2.12%
51 ,8,1,   3.2%,  0.72%
51 ,8,2,   9.4%,  1.30%
51 ,8,3,  87.4%,  1.42%
51 ,9,1,   8.5%,  0.90%
51 ,9,2,   4.3%,  1.24%
51 ,9,3,  68.5%,  1.72%
51 ,9,4,  18.7%,  1.25%
51 ,10,1,  13.6%,  1.12%
51 ,10,2,   5.8%,  0.86%
51 ,10,3,   3.6%,  0.90%
51 ,10,4,   1.8%,  0.60%
51 ,10,5,   9.2%,  1.35%
51 ,10,6,  14.9%,  1.44%
51 ,10,7,  74.8%,  1.15%
51 ,11,1,   5.2%,  0.75%
51 ,11,2,   6.9%,  1.12%
51 ,11,3,   5.5%,  0.84%
51 ,11,4,  10.3%,  1.28%
51 ,11,5,  12.7%,  1.39%
51 ,11,6,   1.2%,  0.43%
51 ,11,7,   7.0%,  0.82%
51 ,11,8,  73.1%,  1.49%
51 ,12,1,   1.6%,  0.50%
51 ,12,2,   6.5%,  0.87%
51 ,12,3,  45.0%,  1.84%
51 ,12,4,  30.1%,  2.37%
51 ,12,5,  16.8%,  1.83%
51 ,13,1,   3.4%,  1.24%
51 ,13,2,   6.3%,  1.46%
51 ,13,3,  13.1%,  1.02%
51 ,13,4,  25.1%,  1.42%
51 ,13,5,  33.1%,  1.57%
51 ,13,6,   3.9%,  0.65%
51 ,13,7,  15.2%,  1.56%
51 ,14,1,   1.5%,  0.75%
51 ,14,2,  98.5%,  0.75%
51 ,15,1,   8.5%,  0.90%
51 ,15,2,  91.5%,  0.90%
51 ,16,1,  64.9%,  2.18%
51 ,16,2,  20.8%,  1.91%
51 ,16,3,  14.6%,  1.37%
51 ,16,4,   1.1%,  0.43%
51 ,16,5,   1.9%,  0.63%
51 ,16,6,   2.2%,  0.59%
51 ,16,8,   0.9%,  0.40%
51 ,16,9,   8.3%,  0.98%
51 ,16,10,   6.4%,  1.67%
51 ,16,11,  14.7%,  1.98%
51 ,16,12,   4.9%,  1.37%
51 ,16,13,   7.4%,  1.53%
51 ,16,14,  25.3%,  1.45%
51 ,17,1,  63.2%,  1.97%
51 ,17,2,  17.8%,  1.59%
51 ,17,3,   8.9%,  1.07%
51 ,17,5,   2.3%,  0.62%
51 ,17,6,   2.2%,  0.57%
51 ,17,8,   1.1%,  0.37%
51 ,17,9,  31.0%,  1.67%
51 ,18,1,  38.7%,  2.25%
51 ,18,2,  38.7%,  3.06%
51 ,18,3,  22.6%,  1.65%
51 ,19,1,  31.4%,  1.67%
51 ,19,2,  10.9%,  1.69%
51 ,19,3,  18.9%,  2.36%
51 ,19,4,  41.8%,  2.20%
51 ,19,5,  12.1%,  1.87%
51 ,19,6,  20.8%,  2.04%
51 ,19,7,   6.5%,  1.69%
51 ,19,8,  31.6%,  1.40%
51 ,20,2,   2.8%,  0.77%
51 ,20,3,  14.2%,  1.16%
51 ,20,4,  48.0%,  2.54%
51 ,20,5,   7.7%,  1.77%
51 ,20,6,   0.6%,  0.33%
51 ,20,7,  20.1%,  1.63%
51 ,20,8,   6.6%,  0.93%
52 ,2,1,  13.3%,  0.81%
52 ,2,2,  47.4%,  1.55%
52 ,2,3,  33.5%,  1.43%
52 ,2,4,   4.4%,  0.37%
52 ,2,5,   1.4%,  0.35%
52 ,3,1,   5.6%,  0.63%
52 ,3,2,   3.5%,  0.63%
52 ,3,3,   4.5%,  0.57%
52 ,3,4,  12.6%,  1.15%
52 ,3,5,  23.3%,  1.26%
52 ,3,6,  18.8%,  1.32%
52 ,3,7,   7.5%,  0.71%
52 ,3,8,   7.5%,  0.60%
52 ,3,9,   7.1%,  0.90%
52 ,3,10,   9.6%,  0.94%
52 ,4,1,   4.6%,  0.49%
52 ,4,2,  22.4%,  1.63%
52 ,4,3,  73.1%,  1.62%
52 ,5,2,   1.8%,  0.33%
52 ,5,3,   1.8%,  0.31%
52 ,5,4,  96.3%,  0.41%
52 ,6,1,   3.2%,  0.70%
52 ,6,2,   4.0%,  0.50%
52 ,6,3,  92.8%,  0.49%
52 ,7,1,   0.7%,  0.26%
52 ,7,2,  20.3%,  1.27%
52 ,7,3,  79.0%,  1.36%
52 ,8,1,   2.9%,  0.46%
52 ,8,2,   7.4%,  0.88%
52 ,8,3,  89.7%,  0.65%
52 ,9,1,   8.8%,  0.84%
52 ,9,2,   2.6%,  0.41%
52 ,9,3,  62.2%,  1.21%
52 ,9,4,  26.4%,  1.04%
52 ,10,1,   5.2%,  0.58%
52 ,10,2,   0.6%,  0.22%
52 ,10,3,   1.8%,  0.48%
52 ,10,4,   0.3%,  0.20%
52 ,10,5,   3.6%,  0.54%
52 ,10,6,   4.9%,  0.83%
52 ,10,7,  88.7%,  1.17%
52 ,11,1,   1.5%,  0.48%
52 ,11,2,   5.3%,  0.50%
52 ,11,3,   4.9%,  0.51%
52 ,11,4,   7.0%,  0.56%
52 ,11,5,  13.9%,  1.13%
52 ,11,6,   1.3%,  0.34%
52 ,11,7,   2.7%,  0.49%
52 ,11,8,  77.4%,  1.09%
52 ,12,1,   0.7%,  0.13%
52 ,12,2,   6.1%,  0.83%
52 ,12,3,  62.9%,  1.48%
52 ,12,4,  23.9%,  1.18%
52 ,12,5,   6.4%,  0.69%
52 ,13,1,   2.6%,  0.41%
52 ,13,2,   5.6%,  0.60%
52 ,13,3,  10.5%,  1.07%
52 ,13,4,  23.5%,  1.05%
52 ,13,5,  38.5%,  1.26%
52 ,13,6,   3.6%,  0.52%
52 ,13,7,  15.7%,  0.73%
52 ,14,1,   0.8%,  0.25%
52 ,14,2,  99.2%,  0.25%
52 ,15,1,   3.2%,  0.75%
52 ,15,2,  96.8%,  0.75%
52 ,16,1,  53.9%,  1.14%
52 ,16,2,  13.6%,  0.90%
52 ,16,3,   6.7%,  0.46%
52 ,16,4,   0.6%,  0.12%
52 ,16,5,   0.8%,  0.13%
52 ,16,6,   1.2%,  0.24%
52 ,16,7,   0.2%,  0.16%
52 ,16,8,   0.5%,  0.14%
52 ,16,9,   1.6%,  0.30%
52 ,16,10,   3.1%,  0.52%
52 ,16,11,   6.5%,  0.79%
52 ,16,12,   1.6%,  0.33%
52 ,16,13,   1.8%,  0.56%
52 ,16,14,  40.0%,  1.26%
52 ,17,1,  52.8%,  1.26%
52 ,17,2,  11.3%,  0.82%
52 ,17,3,   4.7%,  0.69%
52 ,17,4,   0.3%,  0.14%
52 ,17,5,   0.8%,  0.18%
52 ,17,6,   1.4%,  0.26%
52 ,17,7,   0.3%,  0.21%
52 ,17,8,   0.7%,  0.19%
52 ,17,9,  43.5%,  1.18%
52 ,18,1,  35.1%,  1.41%
52 ,18,2,  29.9%,  1.31%
52 ,18,3,  35.0%,  1.57%
52 ,19,1,  13.0%,  1.14%
52 ,19,2,   2.7%,  0.45%
52 ,19,3,  13.5%,  0.82%
52 ,19,4,  31.4%,  1.07%
52 ,19,5,  10.9%,  0.97%
52 ,19,6,  16.3%,  0.70%
52 ,19,7,   3.8%,  0.47%
52 ,19,8,  49.3%,  1.63%
52 ,20,1,   0.5%,  0.30%
52 ,20,2,   2.6%,  0.53%
52 ,20,3,  15.3%,  1.46%
52 ,20,4,  34.4%,  1.23%
52 ,20,5,   5.7%,  0.54%
52 ,20,6,   2.1%,  0.34%
52 ,20,7,  28.3%,  1.13%
52 ,20,8,  11.1%,  0.50%
53 ,2,1,  20.4%,  0.90%
53 ,2,2,  42.7%,  1.75%
53 ,2,3,  28.3%,  1.90%
53 ,2,4,   6.7%,  0.59%
53 ,2,5,   2.0%,  0.47%
53 ,3,1,   7.8%,  1.48%
53 ,3,2,   2.8%,  0.55%
53 ,3,3,   3.9%,  0.75%
53 ,3,4,  13.7%,  1.41%
53 ,3,5,  24.7%,  1.49%
53 ,3,6,  15.4%,  1.02%
53 ,3,7,   7.3%,  0.98%
53 ,3,8,   7.7%,  0.83%
53 ,3,9,   6.8%,  0.94%
53 ,3,10,  10.0%,  0.88%
53 ,4,1,   3.9%,  0.62%
53 ,4,2,  28.5%,  0.92%
53 ,4,3,  67.6%,  1.06%
53 ,5,2,   3.1%,  0.96%
53 ,5,3,   0.9%,  0.34%
53 ,5,4,  95.8%,  0.96%
53 ,6,1,   2.4%,  0.46%
53 ,6,2,   5.6%,  0.77%
53 ,6,3,  91.9%,  1.05%
53 ,7,1,   1.1%,  0.42%
53 ,7,2,  30.2%,  1.50%
53 ,7,3,  68.7%,  1.48%
53 ,8,1,   2.3%,  0.44%
53 ,8,2,  10.5%,  1.21%
53 ,8,3,  87.3%,  1.47%
53 ,9,1,   5.0%,  1.14%
53 ,9,2,   2.8%,  0.38%
53 ,9,3,  52.8%,  1.71%
53 ,9,4,  39.4%,  1.89%
53 ,10,1,  12.7%,  1.40%
53 ,10,2,   3.6%,  0.54%
53 ,10,3,   5.9%,  1.02%
53 ,10,4,   1.3%,  0.54%
53 ,10,5,   3.1%,  0.81%
53 ,10,6,   7.1%,  0.59%
53 ,10,7,  83.4%,  1.41%
53 ,11,1,   1.9%,  0.37%
53 ,11,2,   5.7%,  0.72%
53 ,11,3,   3.2%,  0.43%
53 ,11,4,   7.9%,  0.62%
53 ,11,5,  12.9%,  1.54%
53 ,11,6,   2.5%,  0.57%
53 ,11,7,   7.3%,  1.03%
53 ,11,8,  76.3%,  1.56%
53 ,12,1,   0.9%,  0.23%
53 ,12,2,   6.1%,  0.79%
53 ,12,3,  58.2%,  1.16%
53 ,12,4,  23.2%,  1.07%
53 ,12,5,  11.6%,  0.99%
53 ,13,1,   3.2%,  0.79%
53 ,13,2,   5.8%,  0.65%
53 ,13,3,  10.7%,  0.76%
53 ,13,4,  23.0%,  0.78%
53 ,13,5,  35.6%,  1.25%
53 ,13,6,   3.8%,  0.89%
53 ,13,7,  17.9%,  1.28%
53 ,14,1,   2.4%,  0.38%
53 ,14,2,  97.6%,  0.38%
53 ,15,1,   4.9%,  0.51%
53 ,15,2,  95.1%,  0.51%
53 ,16,1,  59.0%,  1.81%
53 ,16,2,  17.7%,  1.68%
53 ,16,3,  11.4%,  1.19%
53 ,16,4,   0.6%,  0.25%
53 ,16,5,   0.8%,  0.18%
53 ,16,6,   1.9%,  0.40%
53 ,16,7,   0.4%,  0.21%
53 ,16,8,   0.6%,  0.28%
53 ,16,9,   5.0%,  0.49%
53 ,16,10,   3.7%,  0.92%
53 ,16,11,   8.3%,  0.84%
53 ,16,12,   3.2%,  0.59%
53 ,16,13,   2.4%,  0.46%
53 ,16,14,  33.9%,  1.65%
53 ,17,1,  57.9%,  1.80%
53 ,17,2,  16.4%,  1.61%
53 ,17,3,   8.1%,  0.60%
53 ,17,4,   0.3%,  0.17%
53 ,17,5,   0.9%,  0.16%
53 ,17,6,   2.0%,  0.33%
53 ,17,7,   0.4%,  0.25%
53 ,17,8,   0.8%,  0.36%
53 ,17,9,  37.3%,  1.85%
53 ,18,1,  25.2%,  1.80%
53 ,18,2,  32.9%,  1.56%
53 ,18,3,  41.9%,  1.65%
53 ,19,1,  20.4%,  1.30%
53 ,19,2,   5.4%,  1.06%
53 ,19,3,   8.6%,  0.94%
53 ,19,4,  25.1%,  1.99%
53 ,19,5,  12.7%,  1.36%
53 ,19,6,  10.8%,  0.93%
53 ,19,7,   3.4%,  0.75%
53 ,19,8,  51.3%,  2.34%
53 ,20,2,   2.1%,  0.49%
53 ,20,3,  13.9%,  1.05%
53 ,20,4,  39.0%,  1.40%
53 ,20,5,   4.9%,  0.57%
53 ,20,6,   1.5%,  0.62%
53 ,20,7,  28.2%,  1.03%
53 ,20,8,  10.3%,  0.68%
54 ,2,1,  20.6%,  0.72%
54 ,2,2,  50.7%,  1.07%
54 ,2,3,  22.9%,  0.84%
54 ,2,4,   4.8%,  0.24%
54 ,2,5,   1.1%,  0.09%
54 ,3,1,   8.1%,  0.57%
54 ,3,2,   3.8%,  0.34%
54 ,3,3,   4.7%,  0.41%
54 ,3,4,  12.0%,  0.54%
54 ,3,5,  17.8%,  0.78%
54 ,3,6,  15.6%,  0.58%
54 ,3,7,  10.3%,  0.54%
54 ,3,8,  13.0%,  0.59%
54 ,3,9,   8.1%,  0.37%
54 ,3,10,   6.5%,  0.39%
54 ,4,1,   5.2%,  0.25%
54 ,4,2,  28.4%,  0.73%
54 ,4,3,  66.4%,  0.78%
54 ,5,1,   0.1%,  0.05%
54 ,5,2,   1.9%,  0.24%
54 ,5,3,   1.3%,  0.15%
54 ,5,4,  96.6%,  0.32%
54 ,6,1,   4.8%,  0.41%
54 ,6,2,   7.2%,  0.51%
54 ,6,3,  87.9%,  0.66%
54 ,7,1,   1.3%,  0.19%
54 ,7,2,  32.5%,  1.04%
54 ,7,3,  66.3%,  1.07%
54 ,8,1,   3.4%,  0.21%
54 ,8,2,  14.0%,  0.81%
54 ,8,3,  82.5%,  0.95%
54 ,9,1,   8.3%,  0.39%
54 ,9,2,   4.9%,  0.27%
54 ,9,3,  64.6%,  0.49%
54 ,9,4,  22.2%,  0.59%
54 ,10,1,  14.1%,  0.40%
54 ,10,2,   4.1%,  0.23%
54 ,10,3,   5.3%,  0.25%
54 ,10,4,   1.3%,  0.22%
54 ,10,5,   6.0%,  0.36%
54 ,10,6,  11.0%,  0.55%
54 ,10,7,  79.2%,  0.56%
54 ,11,1,   3.9%,  0.19%
54 ,11,2,   8.2%,  0.50%
54 ,11,3,   6.3%,  0.56%
54 ,11,4,   9.9%,  0.55%
54 ,11,5,  13.6%,  0.69%
54 ,11,6,   2.4%,  0.24%
54 ,11,7,   5.8%,  0.39%
54 ,11,8,  71.8%,  0.81%
54 ,12,1,   1.3%,  0.05%
54 ,12,2,   5.5%,  0.27%
54 ,12,3,  50.1%,  0.98%
54 ,12,4,  31.1%,  0.85%
54 ,12,5,  12.0%,  0.38%
54 ,13,1,   3.8%,  0.31%
54 ,13,2,   6.0%,  0.45%
54 ,13,3,  14.4%,  0.43%
54 ,13,4,  31.0%,  0.68%
54 ,13,5,  29.7%,  0.46%
54 ,13,6,   3.3%,  0.38%
54 ,13,7,  11.8%,  0.66%
54 ,14,1,   1.8%,  0.28%
54 ,14,2,  98.2%,  0.28%
54 ,15,1,   6.8%,  0.45%
54 ,15,2,  93.2%,  0.45%
54 ,16,1,  71.1%,  0.64%
54 ,16,2,  19.2%,  0.49%
54 ,16,3,  11.7%,  0.55%
54 ,16,4,   0.6%,  0.13%
54 ,16,5,   1.5%,  0.19%
54 ,16,6,   3.5%,  0.33%
54 ,16,7,   0.3%,  0.07%
54 ,16,8,   0.7%,  0.12%
54 ,16,9,   4.3%,  0.41%
54 ,16,10,   5.8%,  0.38%
54 ,16,11,  10.5%,  0.52%
54 ,16,12,   3.3%,  0.51%
54 ,16,13,   2.3%,  0.15%
54 ,16,14,  22.7%,  0.54%
54 ,17,1,  69.8%,  0.64%
54 ,17,2,  17.0%,  0.58%
54 ,17,3,   7.0%,  0.55%
54 ,17,4,   0.3%,  0.08%
54 ,17,5,   1.5%,  0.14%
54 ,17,6,   3.6%,  0.37%
54 ,17,7,   0.2%,  0.07%
54 ,17,8,   0.9%,  0.23%
54 ,17,9,  25.9%,  0.58%
54 ,18,1,  31.7%,  0.61%
54 ,18,2,  30.5%,  0.74%
54 ,18,3,  37.7%,  0.95%
54 ,19,1,  23.7%,  0.87%
54 ,19,2,   6.3%,  0.56%
54 ,19,3,  13.4%,  0.86%
54 ,19,4,  35.0%,  1.01%
54 ,19,5,  13.4%,  0.52%
54 ,19,6,  21.8%,  0.66%
54 ,19,7,   4.6%,  0.25%
54 ,19,8,  37.0%,  0.83%
54 ,20,1,   0.5%,  0.13%
54 ,20,2,   3.8%,  0.32%
54 ,20,3,  17.0%,  0.43%
54 ,20,4,  42.6%,  1.16%
54 ,20,5,   5.8%,  0.42%
54 ,20,6,   1.3%,  0.13%
54 ,20,7,  20.8%,  0.77%
54 ,20,8,   8.2%,  0.41%
55 ,2,2,  24.3%, 14.20%
55 ,2,3,  72.2%, 15.02%
55 ,3,1,  32.0%, 18.68%
55 ,3,10,  12.8%,  7.64%
55 ,4,2,  15.2%, 12.19%
55 ,4,3,  84.8%, 12.19%
55 ,5,4, 100.0%,  0.00%
55 ,6,3,  95.1%,  5.22%
55 ,7,3,  97.0%,  3.16%
55 ,8,3,  95.1%,  5.22%
55 ,9,3,  74.2%, 14.36%
55 ,9,4,  18.6%, 11.36%
55 ,10,7,  80.3%, 12.87%
55 ,11,8,  96.2%,  3.94%
55 ,12,3,  82.5%, 13.35%
55 ,13,3,  15.8%,  7.33%
55 ,13,4,  23.1%, 14.32%
55 ,13,5,  29.0%, 10.85%
55 ,13,7,  32.1%, 10.30%
55 ,14,2, 100.0%,  0.00%
55 ,15,2, 100.0%,  0.00%
55 ,16,1,  29.6%, 10.39%
55 ,16,2,  20.5%,  9.70%
55 ,16,14,  62.9%, 11.87%
55 ,17,1,  29.6%, 10.39%
55 ,17,2,  20.5%,  9.70%
55 ,17,9,  65.5%, 11.37%
55 ,18,2,  14.3%,  6.20%
55 ,18,3,  72.8%,  8.88%
55 ,19,8,  76.8%,  8.95%
55 ,20,7,  54.0%, 13.76%
55 ,20,8,  14.5%, 10.06%
56 ,2,1,  25.2%,  1.17%
56 ,2,2,  43.3%,  1.57%
56 ,2,3,  24.3%,  1.66%
56 ,2,4,   5.5%,  0.68%
56 ,2,5,   1.7%,  0.32%
56 ,3,1,   8.3%,  0.94%
56 ,3,2,   3.1%,  0.47%
56 ,3,3,   4.0%,  0.70%
56 ,3,4,   9.4%,  0.54%
56 ,3,5,  17.7%,  1.23%
56 ,3,6,  18.7%,  0.78%
56 ,3,7,   9.9%,  0.79%
56 ,3,8,  10.6%,  0.94%
56 ,3,9,   9.7%,  1.05%
56 ,3,10,   8.6%,  0.49%
56 ,4,1,   5.9%,  0.65%
56 ,4,2,  33.7%,  1.10%
56 ,4,3,  60.4%,  1.08%
56 ,5,2,   3.5%,  0.50%
56 ,5,3,   2.2%,  0.45%
56 ,5,4,  94.2%,  0.93%
56 ,6,1,   4.3%,  0.37%
56 ,6,2,  18.7%,  1.06%
56 ,6,3,  77.0%,  1.27%
56 ,7,1,   2.7%,  0.61%
56 ,7,2,  41.2%,  1.34%
56 ,7,3,  56.1%,  1.75%
56 ,8,1,   4.6%,  0.78%
56 ,8,2,  25.3%,  1.41%
56 ,8,3,  70.1%,  1.01%
56 ,9,1,   5.5%,  0.71%
56 ,9,2,   3.8%,  0.48%
56 ,9,3,  41.6%,  1.65%
56 ,9,4,  49.1%,  1.50%
56 ,10,1,  19.3%,  0.89%
56 ,10,2,   4.5%,  0.45%
56 ,10,3,   8.9%,  0.87%
56 ,10,4,   2.4%,  0.61%
56 ,10,5,   7.4%,  0.57%
56 ,10,6,  12.7%,  0.73%
56 ,10,7,  74.3%,  1.04%
56 ,11,1,   6.0%,  0.44%
56 ,11,2,  16.5%,  0.96%
56 ,11,3,   2.9%,  0.21%
56 ,11,4,   7.8%,  0.74%
56 ,11,5,   8.7%,  0.67%
56 ,11,6,   3.1%,  0.43%
56 ,11,7,   8.9%,  0.44%
56 ,11,8,  69.0%,  0.99%
56 ,12,1,   0.8%,  0.27%
56 ,12,2,   7.4%,  0.55%
56 ,12,3,  43.4%,  1.47%
56 ,12,4,  33.1%,  1.04%
56 ,12,5,  15.3%,  1.27%
56 ,13,1,   6.5%,  0.61%
56 ,13,2,   9.5%,  0.90%
56 ,13,3,  14.1%,  1.07%
56 ,13,4,  28.4%,  1.57%
56 ,13,5,  21.0%,  1.58%
56 ,13,6,   4.5%,  0.37%
56 ,13,7,  16.0%,  1.04%
56 ,14,1,   2.1%,  0.43%
56 ,14,2,  97.9%,  0.43%
56 ,15,1,   6.8%,  0.84%
56 ,15,2,  93.2%,  0.84%
56 ,16,1,  70.9%,  1.25%
56 ,16,2,  21.9%,  1.39%
56 ,16,3,  14.8%,  1.06%
56 ,16,4,   1.2%,  0.35%
56 ,16,5,   1.5%,  0.24%
56 ,16,6,   4.3%,  0.76%
56 ,16,7,   0.5%,  0.19%
56 ,16,8,   0.4%,  0.14%
56 ,16,9,   3.8%,  0.92%
56 ,16,10,   6.6%,  0.50%
56 ,16,11,  10.6%,  0.52%
56 ,16,12,   3.0%,  0.67%
56 ,16,13,   2.7%,  0.48%
56 ,16,14,  23.0%,  0.94%
56 ,17,1,  69.6%,  1.21%
56 ,17,2,  19.2%,  1.19%
56 ,17,3,  10.4%,  0.74%
56 ,17,4,   0.7%,  0.24%
56 ,17,5,   1.6%,  0.18%
56 ,17,6,   4.3%,  0.52%
56 ,17,7,   0.4%,  0.19%
56 ,17,8,   0.7%,  0.23%
56 ,17,9,  26.0%,  1.16%
56 ,18,1,  15.9%,  1.11%
56 ,18,2,  32.4%,  1.21%
56 ,18,3,  51.7%,  0.97%
56 ,19,1,  23.6%,  1.01%
56 ,19,2,   8.8%,  1.16%
56 ,19,3,   9.9%,  0.87%
56 ,19,4,  31.1%,  1.31%
56 ,19,5,  12.6%,  0.94%
56 ,19,6,  31.8%,  1.08%
56 ,19,7,   4.6%,  0.63%
56 ,19,8,  37.7%,  1.16%
56 ,20,2,   3.6%,  0.56%
56 ,20,3,  16.3%,  1.08%
56 ,20,4,  38.0%,  1.22%
56 ,20,5,   6.9%,  1.12%
56 ,20,6,   1.5%,  0.35%
56 ,20,7,  24.5%,  1.49%
56 ,20,8,   9.2%,  0.72%
61 ,2,1,  59.4%,  2.78%
61 ,2,2,  32.2%,  2.51%
61 ,2,3,   4.8%,  1.07%
61 ,2,4,   3.5%,  1.02%
61 ,3,1,   9.8%,  1.62%
61 ,3,2,   5.6%,  1.25%
61 ,3,3,   9.2%,  1.47%
61 ,3,4,  17.2%,  1.94%
61 ,3,5,  29.4%,  2.04%
61 ,3,6,  14.4%,  1.74%
61 ,3,7,   3.1%,  0.63%
61 ,3,8,   5.4%,  1.20%
61 ,3,9,   1.7%,  0.73%
61 ,3,10,   4.1%,  0.99%
61 ,4,1,   5.4%,  1.59%
61 ,4,2,  42.0%,  2.71%
61 ,4,3,  52.6%,  2.69%
61 ,5,1,   0.6%,  0.31%
61 ,5,2,  13.6%,  1.96%
61 ,5,3,   2.1%,  0.58%
61 ,5,4,  83.8%,  2.19%
61 ,6,1,   2.3%,  0.90%
61 ,6,2,  15.5%,  2.00%
61 ,6,3,  82.2%,  2.37%
61 ,7,1,   4.4%,  1.26%
61 ,7,2,  56.9%,  1.97%
61 ,7,3,  38.7%,  2.15%
61 ,8,1,   3.8%,  1.11%
61 ,8,2,  28.7%,  3.06%
61 ,8,3,  67.5%,  3.19%
61 ,9,1,   8.6%,  1.22%
61 ,9,2,   7.6%,  1.44%
61 ,9,3,  54.1%,  1.97%
61 ,9,4,  29.7%,  2.85%
61 ,10,1,  10.6%,  1.30%
61 ,10,2,   3.4%,  0.93%
61 ,10,3,   2.6%,  0.97%
61 ,10,4,   1.7%,  0.56%
61 ,10,5,   2.0%,  0.68%
61 ,10,6,   5.8%,  1.19%
61 ,10,7,  86.1%,  1.92%
61 ,11,1,   9.4%,  1.58%
61 ,11,2,  15.9%,  2.04%
61 ,11,3,   6.3%,  1.95%
61 ,11,4,  18.8%,  2.20%
61 ,11,5,  40.6%,  2.77%
61 ,11,6,   2.7%,  0.97%
61 ,11,7,   5.5%,  1.05%
61 ,11,8,  47.7%,  3.39%
61 ,12,1,   2.9%,  0.70%
61 ,12,2,   2.8%,  0.87%
61 ,12,3,  16.5%,  1.39%
61 ,12,4,  31.7%,  2.17%
61 ,12,5,  46.0%,  2.26%
61 ,13,1,   3.6%,  0.79%
61 ,13,2,   7.3%,  1.17%
61 ,13,3,  13.8%,  1.26%
61 ,13,4,  25.2%,  1.45%
61 ,13,5,  35.2%,  2.02%
61 ,13,6,   6.6%,  1.10%
61 ,13,7,   8.3%,  1.64%
61 ,14,1,   5.0%,  1.04%
61 ,14,2,  95.0%,  1.04%
61 ,15,1,  19.5%,  1.77%
61 ,15,2,  80.5%,  1.77%
61 ,16,1,  79.4%,  2.32%
61 ,16,2,  40.5%,  3.78%
61 ,16,3,  19.1%,  2.20%
61 ,16,4,   2.2%,  0.62%
61 ,16,5,   1.3%,  0.43%
61 ,16,6,   1.6%,  0.60%
61 ,16,8,   3.5%,  0.86%
61 ,16,9,  19.3%,  0.75%
61 ,16,10,   7.5%,  1.59%
61 ,16,11,  16.9%,  1.75%
61 ,16,12,   9.8%,  1.51%
61 ,16,13,   9.0%,  1.20%
61 ,16,14,  13.8%,  2.11%
61 ,17,1,  78.1%,  2.07%
61 ,17,2,  36.9%,  3.33%
61 ,17,3,  11.1%,  1.44%
61 ,17,4,   0.9%,  0.43%
61 ,17,5,   1.3%,  0.43%
61 ,17,6,   1.0%,  0.48%
61 ,17,8,   3.4%,  0.72%
61 ,17,9,  17.8%,  2.42%
61 ,18,1,  63.9%,  1.25%
61 ,18,2,  14.2%,  1.40%
61 ,18,3,  21.8%,  1.81%
61 ,19,1,  42.9%,  3.94%
61 ,19,2,   4.8%,  1.19%
61 ,19,3,  26.9%,  1.91%
61 ,19,4,  45.0%,  3.42%
61 ,19,5,  21.0%,  2.42%
61 ,19,6,  20.1%,  1.53%
61 ,19,7,  10.7%,  1.32%
61 ,19,8,  18.6%,  2.54%
61 ,20,2,   1.9%,  0.92%
61 ,20,3,  13.5%,  1.94%
61 ,20,4,  67.3%,  2.72%
61 ,20,5,   9.7%,  1.97%
61 ,20,6,   1.4%,  0.46%
61 ,20,7,   3.0%,  0.87%
61 ,20,8,   2.5%,  0.77%
62 ,2,1,  30.9%,  1.23%
62 ,2,2,  58.0%,  0.90%
62 ,2,3,   8.7%,  0.69%
62 ,2,4,   1.7%,  0.17%
62 ,2,5,   0.7%,  0.13%
62 ,3,1,   2.9%,  0.37%
62 ,3,2,   1.4%,  0.22%
62 ,3,3,   2.9%,  0.39%
62 ,3,4,   8.2%,  0.58%
62 ,3,5,  22.6%,  0.68%
62 ,3,6,  28.3%,  0.87%
62 ,3,7,  11.1%,  0.69%
62 ,3,8,   9.4%,  0.36%
62 ,3,9,   5.9%,  0.60%
62 ,3,10,   7.2%,  0.44%
62 ,4,1,   4.3%,  0.64%
62 ,4,2,  43.4%,  1.20%
62 ,4,3,  52.2%,  1.31%
62 ,5,1,   0.5%,  0.20%
62 ,5,2,   4.4%,  0.44%
62 ,5,3,   1.3%,  0.14%
62 ,5,4,  93.8%,  0.40%
62 ,6,1,   4.9%,  0.43%
62 ,6,2,  10.1%,  0.62%
62 ,6,3,  85.0%,  0.84%
62 ,7,1,   3.5%,  0.45%
62 ,7,2,  52.2%,  1.59%
62 ,7,3,  44.3%,  1.67%
62 ,8,1,   5.3%,  0.49%
62 ,8,2,  20.2%,  0.80%
62 ,8,3,  74.5%,  0.85%
62 ,9,1,   5.4%,  0.38%
62 ,9,2,   2.6%,  0.55%
62 ,9,3,  32.5%,  0.97%
62 ,9,4,  59.5%,  1.00%
62 ,10,1,  34.1%,  0.73%
62 ,10,2,   7.9%,  0.56%
62 ,10,3,  17.0%,  1.07%
62 ,10,4,   4.5%,  0.41%
62 ,10,5,   5.4%,  0.70%
62 ,10,6,  13.4%,  0.53%
62 ,10,7,  60.6%,  0.71%
62 ,11,1,   6.6%,  0.53%
62 ,11,2,  20.7%,  0.53%
62 ,11,3,   3.3%,  0.32%
62 ,11,4,  14.3%,  0.80%
62 ,11,5,  32.1%,  1.05%
62 ,11,6,  19.5%,  0.79%
62 ,11,7,  13.6%,  0.48%
62 ,11,8,  45.0%,  1.03%
62 ,12,1,   1.1%,  0.28%
62 ,12,2,   4.4%,  0.61%
62 ,12,3,  27.9%,  0.82%
62 ,12,4,  54.7%,  1.20%
62 ,12,5,  11.9%,  0.68%
62 ,13,1,   4.8%,  0.54%
62 ,13,2,  10.9%,  0.62%
62 ,13,3,  19.0%,  0.97%
62 ,13,4,  31.6%,  0.83%
62 ,13,5,  19.3%,  0.68%
62 ,13,6,   3.1%,  0.33%
62 ,13,7,  11.3%,  0.49%
62 ,14,1,   3.5%,  0.43%
62 ,14,2,  96.5%,  0.43%
62 ,15,1,   9.4%,  0.48%
62 ,15,2,  90.6%,  0.48%
62 ,16,1,  84.8%,  0.70%
62 ,16,2,  35.9%,  1.40%
62 ,16,3,  22.5%,  0.71%
62 ,16,4,   1.1%,  0.19%
62 ,16,5,   1.4%,  0.32%
62 ,16,6,   8.5%,  0.55%
62 ,16,7,   0.8%,  0.20%
62 ,16,8,   9.3%,  0.81%
62 ,16,9,  13.3%,  0.52%
62 ,16,10,   7.1%,  0.48%
62 ,16,11,  13.0%,  0.50%
62 ,16,12,   4.3%,  0.38%
62 ,16,13,   4.9%,  0.43%
62 ,16,14,   8.7%,  0.57%
62 ,17,1,  84.3%,  0.66%
62 ,17,2,  32.3%,  1.04%
62 ,17,3,  13.2%,  0.68%
62 ,17,4,   0.4%,  0.12%
62 ,17,5,   1.4%,  0.17%
62 ,17,6,   6.8%,  0.43%
62 ,17,7,   0.5%,  0.11%
62 ,17,8,  12.0%,  0.80%
62 ,17,9,  10.6%,  0.64%
62 ,18,1,  25.1%,  1.06%
62 ,18,2,  24.4%,  0.80%
62 ,18,3,  50.5%,  0.86%
62 ,19,1,  26.7%,  0.90%
62 ,19,2,  16.6%,  0.60%
62 ,19,3,   6.9%,  0.52%
62 ,19,4,  26.8%,  0.96%
62 ,19,5,  20.4%,  0.41%
62 ,19,6,  24.6%,  0.93%
62 ,19,7,   3.6%,  0.29%
62 ,19,8,  34.6%,  0.81%
62 ,20,1,   0.9%,  0.16%
62 ,20,2,   4.0%,  0.50%
62 ,20,3,  19.3%,  0.76%
62 ,20,4,  53.8%,  1.13%
62 ,20,5,   6.0%,  0.59%
62 ,20,6,   1.5%,  0.27%
62 ,20,7,   5.7%,  0.44%
62 ,20,8,   8.9%,  0.87%
71 ,2,1,  58.4%,  1.72%
71 ,2,2,  27.6%,  0.94%
71 ,2,3,   9.7%,  1.08%
71 ,2,4,   2.9%,  0.79%
71 ,2,5,   1.4%,  0.69%
71 ,3,1,  18.1%,  1.41%
71 ,3,2,   7.9%,  1.07%
71 ,3,3,   5.7%,  0.73%
71 ,3,4,  13.6%,  1.72%
71 ,3,5,  19.2%,  1.65%
71 ,3,6,  13.6%,  1.67%
71 ,3,7,   6.0%,  0.65%
71 ,3,8,   7.1%,  1.45%
71 ,3,9,   3.8%,  0.71%
71 ,3,10,   5.0%,  0.91%
71 ,4,1,   5.7%,  0.82%
71 ,4,2,  41.6%,  2.64%
71 ,4,3,  52.6%,  2.81%
71 ,5,1,   0.4%,  0.24%
71 ,5,2,  11.1%,  1.27%
71 ,5,3,   1.9%,  0.76%
71 ,5,4,  86.6%,  1.51%
71 ,6,1,   1.8%,  0.42%
71 ,6,2,  16.2%,  1.60%
71 ,6,3,  82.0%,  1.58%
71 ,7,1,   2.8%,  0.77%
71 ,7,2,  56.2%,  2.31%
71 ,7,3,  41.0%,  2.21%
71 ,8,1,   1.3%,  0.45%
71 ,8,2,  27.1%,  2.08%
71 ,8,3,  71.6%,  2.18%
71 ,9,1,   4.7%,  1.21%
71 ,9,2,   5.3%,  1.02%
71 ,9,3,  45.2%,  2.09%
71 ,9,4,  44.8%,  1.97%
71 ,10,1,  10.2%,  0.95%
71 ,10,2,   3.0%,  0.82%
71 ,10,3,   3.9%,  0.59%
71 ,10,4,   0.9%,  0.30%
71 ,10,5,   2.9%,  0.43%
71 ,10,6,   7.2%,  0.77%
71 ,10,7,  84.4%,  1.19%
71 ,11,1,   7.6%,  1.17%
71 ,11,2,   8.8%,  0.98%
71 ,11,3,   3.5%,  0.44%
71 ,11,4,  10.6%,  1.57%
71 ,11,5,  27.5%,  1.86%
71 ,11,6,   3.1%,  0.53%
71 ,11,7,   6.3%,  0.89%
71 ,11,8,  63.0%,  2.29%
71 ,12,1,   1.7%,  0.47%
71 ,12,2,   2.0%,  0.84%
71 ,12,3,  30.2%,  1.42%
71 ,12,4,  20.5%,  1.25%
71 ,12,5,  45.6%,  2.91%
71 ,13,1,   4.3%,  0.70%
71 ,13,2,   5.9%,  1.03%
71 ,13,3,  10.2%,  1.48%
71 ,13,4,  20.2%,  1.10%
71 ,13,5,  37.0%,  1.18%
71 ,13,6,   6.0%,  0.57%
71 ,13,7,  16.4%,  0.70%
71 ,14,1,   3.9%,  0.60%
71 ,14,2,  96.1%,  0.60%
71 ,15,1,  14.3%,  1.51%
71 ,15,2,  85.7%,  1.51%
71 ,16,1,  67.0%,  1.65%
71 ,16,2,  24.4%,  2.01%
71 ,16,3,  18.4%,  1.66%
71 ,16,4,   1.5%,  0.44%
71 ,16,5,   2.4%,  0.52%
71 ,16,6,   4.2%,  0.93%
71 ,16,7,   3.7%,  0.64%
71 ,16,8,   2.7%,  0.56%
71 ,16,9,  17.0%,  1.57%
71 ,16,10,   6.9%,  1.05%
71 ,16,11,  11.2%,  0.99%
71 ,16,12,   7.1%,  0.47%
71 ,16,13,  11.8%,  1.47%
71 ,16,14,  20.3%,  1.00%
71 ,17,1,  65.5%,  1.64%
71 ,17,2,  21.1%,  2.01%
71 ,17,3,  10.2%,  1.57%
71 ,17,4,   0.8%,  0.52%
71 ,17,5,   2.2%,  0.65%
71 ,17,6,   4.2%,  0.85%
71 ,17,7,   3.6%,  0.71%
71 ,17,8,   3.6%,  0.73%
71 ,17,9,  26.9%,  1.27%
71 ,18,1,  33.9%,  1.68%
71 ,18,2,  25.5%,  1.96%
71 ,18,3,  40.5%,  1.76%
71 ,19,1,  36.8%,  2.06%
71 ,19,2,   5.0%,  1.11%
71 ,19,3,  17.8%,  1.80%
71 ,19,4,  27.8%,  0.93%
71 ,19,5,  17.5%,  1.88%
71 ,19,6,  16.5%,  1.56%
71 ,19,7,   8.8%,  1.28%
71 ,19,8,  33.6%,  1.28%
71 ,20,2,   1.2%,  0.38%
71 ,20,3,  14.4%,  1.55%
71 ,20,4,  61.7%,  2.42%
71 ,20,5,   5.7%,  1.11%
71 ,20,6,   2.7%,  0.71%
71 ,20,7,   9.3%,  0.78%
71 ,20,8,   5.0%,  0.91%
72 ,2,1,  67.2%,  1.34%
72 ,2,2,  23.7%,  1.42%
72 ,2,3,   4.6%,  0.44%
72 ,2,4,   3.1%,  0.48%
72 ,2,5,   1.4%,  0.37%
72 ,3,1,  10.6%,  0.89%
72 ,3,2,   1.6%,  0.42%
72 ,3,3,   2.8%,  0.39%
72 ,3,4,   8.8%,  0.77%
72 ,3,5,  22.8%,  1.10%
72 ,3,6,  26.4%,  1.31%
72 ,3,7,  12.5%,  0.75%
72 ,3,8,   8.1%,  0.60%
72 ,3,9,   3.0%,  0.35%
72 ,3,10,   3.3%,  0.40%
72 ,4,1,   4.5%,  0.38%
72 ,4,2,  64.3%,  1.35%
72 ,4,3,  31.2%,  1.17%
72 ,5,1,   0.8%,  0.11%
72 ,5,2,  10.1%,  0.49%
72 ,5,3,   1.9%,  0.28%
72 ,5,4,  87.2%,  0.46%
72 ,6,1,   2.4%,  0.28%
72 ,6,2,  32.2%,  1.25%
72 ,6,3,  65.4%,  1.34%
72 ,7,1,   4.4%,  0.35%
72 ,7,2,  70.9%,  0.84%
72 ,7,3,  24.7%,  0.99%
72 ,8,1,   3.0%,  0.28%
72 ,8,2,  47.4%,  1.38%
72 ,8,3,  49.6%,  1.51%
72 ,9,1,   0.7%,  0.22%
72 ,9,2,   4.3%,  0.29%
72 ,9,3,  17.8%,  0.98%
72 ,9,4,  77.2%,  1.06%
72 ,10,1,  22.8%,  0.55%
72 ,10,2,   3.5%,  0.48%
72 ,10,3,  10.0%,  0.69%
72 ,10,4,   1.8%,  0.41%
72 ,10,5,   4.3%,  0.43%
72 ,10,6,   7.6%,  0.83%
72 ,10,7,  72.6%,  0.55%
72 ,11,1,  11.4%,  0.81%
72 ,11,2,  20.9%,  0.56%
72 ,11,3,   1.3%,  0.24%
72 ,11,4,  14.4%,  0.63%
72 ,11,5,  38.1%,  1.10%
72 ,11,6,   5.5%,  0.58%
72 ,11,7,   9.1%,  0.54%
72 ,11,8,  48.7%,  0.90%
72 ,12,1,   1.6%,  0.30%
72 ,12,2,   2.6%,  0.47%
72 ,12,3,  17.8%,  1.02%
72 ,12,4,  31.0%,  0.77%
72 ,12,5,  47.0%,  0.98%
72 ,13,1,   8.2%,  0.42%
72 ,13,2,  10.4%,  0.78%
72 ,13,3,  16.4%,  1.16%
72 ,13,4,  24.1%,  1.07%
72 ,13,5,  17.3%,  0.85%
72 ,13,6,   7.9%,  1.01%
72 ,13,7,  15.7%,  0.80%
72 ,14,1,   8.7%,  0.64%
72 ,14,2,  91.3%,  0.64%
72 ,15,1,  23.1%,  0.89%
72 ,15,2,  76.9%,  0.89%
72 ,16,1,  86.7%,  0.38%
72 ,16,2,  44.9%,  1.02%
72 ,16,3,  23.3%,  0.76%
72 ,16,4,   2.1%,  0.37%
72 ,16,5,   2.0%,  0.22%
72 ,16,6,   5.5%,  0.45%
72 ,16,7,   2.1%,  0.20%
72 ,16,8,   1.4%,  0.23%
72 ,16,9,  19.3%,  0.68%
72 ,16,10,   9.9%,  0.71%
72 ,16,11,  19.1%,  0.49%
72 ,16,12,   9.8%,  0.56%
72 ,16,13,   5.0%,  0.48%
72 ,16,14,   6.7%,  0.36%
72 ,17,1,  85.7%,  0.55%
72 ,17,2,  40.7%,  1.04%
72 ,17,3,  15.7%,  0.75%
72 ,17,4,   0.8%,  0.20%
72 ,17,5,   1.6%,  0.24%
72 ,17,6,   4.7%,  0.39%
72 ,17,7,   1.8%,  0.12%
72 ,17,8,   1.3%,  0.21%
72 ,17,9,   9.2%,  0.64%
72 ,18,1,  37.8%,  1.26%
72 ,18,2,  25.6%,  1.10%
72 ,18,3,  36.7%,  1.22%
72 ,19,1,  52.4%,  1.51%
72 ,19,2,   9.1%,  0.50%
72 ,19,3,  19.1%,  0.89%
72 ,19,4,  38.3%,  1.07%
72 ,19,5,  18.2%,  0.67%
72 ,19,6,  25.6%,  0.71%
72 ,19,7,  11.2%,  0.62%
72 ,19,8,  19.8%,  1.10%
72 ,20,1,   0.2%,  0.15%
72 ,20,2,   2.7%,  0.34%
72 ,20,3,  14.3%,  0.83%
72 ,20,4,  63.4%,  1.24%
72 ,20,5,  10.0%,  0.51%
72 ,20,6,   3.4%,  0.50%
72 ,20,7,   3.7%,  0.43%
72 ,20,8,   2.3%,  0.26%
81 ,2,1,  41.6%,  1.23%
81 ,2,2,  40.9%,  0.94%
81 ,2,3,  12.7%,  0.89%
81 ,2,4,   3.0%,  0.28%
81 ,2,5,   1.8%,  0.31%
81 ,3,1,   4.2%,  0.72%
81 ,3,2,   2.7%,  0.52%
81 ,3,3,   4.2%,  0.36%
81 ,3,4,  16.3%,  1.18%
81 ,3,5,  32.2%,  1.41%
81 ,3,6,  23.7%,  1.05%
81 ,3,7,   6.5%,  0.67%
81 ,3,8,   3.8%,  0.57%
81 ,3,9,   1.7%,  0.20%
81 ,3,10,   4.6%,  0.37%
81 ,4,1,   4.9%,  0.46%
81 ,4,2,  52.5%,  1.35%
81 ,4,3,  42.6%,  1.50%
81 ,5,1,   0.8%,  0.29%
81 ,5,2,   3.3%,  0.34%
81 ,5,3,   1.6%,  0.38%
81 ,5,4,  94.3%,  0.62%
81 ,6,1,   2.8%,  0.40%
81 ,6,2,  13.6%,  1.13%
81 ,6,3,  83.6%,  1.02%
81 ,7,1,   3.8%,  0.47%
81 ,7,2,  46.8%,  1.17%
81 ,7,3,  49.4%,  1.18%
81 ,8,1,   3.0%,  0.46%
81 ,8,2,  27.2%,  1.42%
81 ,8,3,  69.8%,  1.71%
81 ,9,1,   1.5%,  0.24%
81 ,9,2,   2.8%,  0.61%
81 ,9,3,  20.1%,  0.70%
81 ,9,4,  75.6%,  1.04%
81 ,10,1,  33.9%,  0.65%
81 ,10,2,  11.5%,  0.56%
81 ,10,3,  12.7%,  0.72%
81 ,10,4,   4.9%,  0.67%
81 ,10,5,  11.2%,  0.71%
81 ,10,6,  18.4%,  0.73%
81 ,10,7,  58.8%,  0.80%
81 ,11,1,   7.2%,  0.62%
81 ,11,2,  15.3%,  0.55%
81 ,11,3,   1.6%,  0.15%
81 ,11,4,  12.1%,  0.68%
81 ,11,5,  22.7%,  0.68%
81 ,11,6,   5.6%,  0.59%
81 ,11,7,  15.0%,  1.18%
81 ,11,8,  56.6%,  0.94%
81 ,12,1,   0.7%,  0.24%
81 ,12,2,   3.7%,  0.26%
81 ,12,3,  31.3%,  1.45%
81 ,12,4,  40.9%,  1.48%
81 ,12,5,  23.5%,  0.95%
81 ,13,1,   8.2%,  0.99%
81 ,13,2,  12.3%,  0.65%
81 ,13,3,  18.3%,  1.41%
81 ,13,4,  26.2%,  1.16%
81 ,13,5,  15.9%,  0.65%
81 ,13,6,   5.6%,  0.45%
81 ,13,7,  13.6%,  0.62%
81 ,14,1,   4.6%,  0.47%
81 ,14,2,  95.4%,  0.47%
81 ,15,1,  16.5%,  0.98%
81 ,15,2,  83.5%,  0.98%
81 ,16,1,  80.6%,  1.12%
81 ,16,2,  39.0%,  1.31%
81 ,16,3,  22.2%,  0.78%
81 ,16,4,   0.8%,  0.20%
81 ,16,5,   0.7%,  0.26%
81 ,16,6,   3.2%,  0.55%
81 ,16,7,   0.3%,  0.16%
81 ,16,8,   0.8%,  0.24%
81 ,16,9,  11.4%,  0.55%
81 ,16,10,   6.9%,  0.46%
81 ,16,11,  15.6%,  0.72%
81 ,16,12,   6.4%,  0.45%
81 ,16,13,   3.9%,  0.47%
81 ,16,14,  12.0%,  0.94%
81 ,17,1,  79.1%,  0.97%
81 ,17,2,  34.9%,  1.22%
81 ,17,3,  14.5%,  1.06%
81 ,17,4,   0.6%,  0.17%
81 ,17,5,   0.5%,  0.23%
81 ,17,6,   2.2%,  0.44%
81 ,17,7,   0.2%,  0.12%
81 ,17,8,   1.3%,  0.39%
81 ,17,9,  15.5%,  0.87%
81 ,18,1,  12.1%,  0.73%
81 ,18,2,  28.7%,  0.82%
81 ,18,3,  59.1%,  1.03%
81 ,19,1,  35.4%,  1.35%
81 ,19,2,  11.1%,  0.68%
81 ,19,3,   9.6%,  1.09%
81 ,19,4,  31.3%,  1.31%
81 ,19,5,  11.7%,  0.90%
81 ,19,6,  20.7%,  0.75%
81 ,19,7,   8.0%,  0.84%
81 ,19,8,  32.8%,  1.38%
81 ,20,1,   0.9%,  0.26%
81 ,20,2,   3.0%,  0.62%
81 ,20,3,  16.1%,  1.21%
81 ,20,4,  49.7%,  1.37%
81 ,20,5,  10.7%,  0.61%
81 ,20,6,   2.4%,  0.39%
81 ,20,7,  10.9%,  0.81%
81 ,20,8,   6.2%,  0.48%
